,region,week_last_day,epidemiological_week,total_inhabitants,last_available_confirmed,last_available_deaths,new_week_cases,new_week_deaths,prevalence,mortality,lethality,incidence_cases,incidence_deaths,cases_growth_factor,deaths_growth_factor,new_week_cases_mm,new_week_deaths_mm,incidence_cases_mm,incidence_deaths_mm
0,Brasil,09/01/2021,1,211755691.6839929,8081091,202769,361767,6935,3816.233195780904,95.75610383242784,2.5091785255233483,170.84168889300594,3.275000518214752,0.0,0.0,361767,6935,170.84168889300594,3.275000518214752
1,Brasil,29/02/2020,9,211755691.6839929,2,0,2,0,0.0009444846483676286,0.0,0.0,0.0009444846483676286,0.0,5.52842022627824e-06,0.0,2,0,0.0009444846483676286,0.0
2,Brasil,07/03/2020,10,211755691.6839929,19,0,17,0,0.008972604159492472,0.0,0.0,0.008028119511124842,0.0,8.5,0.0,120595,2311,56.95022049905514,1.0916668394049174
3,Brasil,14/03/2020,11,211755691.6839929,136,0,117,0,0.06422495608899874,0.0,0.0,0.055252351929506276,0.0,6.882352941176471,0.0,45,0,0.021408318696332918,0.0
4,Brasil,21/03/2020,12,211755691.6839929,1132,18,996,18,0.5345783109760778,0.008500361835308657,1.5901060070671376,0.470353354887079,0.008500361835308657,8.512820512820513,0.0,376,6,0.1778779421092367,0.002833453945102886
5,Brasil,28/03/2020,13,211755691.6839929,3953,115,2821,97,1.8667739074986178,0.05430786728113864,2.9091828990640023,1.33219559652254,0.04580750544582999,2.8323293172690764,5.388888888888889,1311,38,0.6192671011130418,0.018102622427046217
6,Brasil,04/04/2020,14,211755691.6839929,10381,445,6428,330,4.902347567352177,0.21014783426179737,4.286677584047779,3.0355736598535583,0.15583996698065872,2.2786246012052462,3.402061855670103,3415,148,1.6127075370877257,0.07004927808726578
7,Brasil,11/04/2020,15,211755691.6839929,20991,1141,10610,696,9.912838626942445,0.538828491893732,5.435662903148969,5.01049105959027,0.32868065763193477,1.6505911636589918,2.109090909090909,6619,374,3.1260867719887897,0.17677604335280783
8,Brasil,18/04/2020,16,211755691.6839929,37175,2375,16184,1234,17.555608401533295,1.121575519936559,6.388702084734364,7.6427697745908505,0.5827470280428269,1.525353440150801,1.7729885057471264,11074,753,5.229611498011559,0.35575588421847343
9,Brasil,25/04/2020,17,211755691.6839929,59506,4074,22331,1699,28.101251742882052,1.9239152287248595,6.846368433435283,10.545643341348757,0.8023397087883005,1.379819574888779,1.3768233387358184,16375,1209,7.732968058509958,0.5712557981543541
10,Brasil,02/05/2020,18,211755691.6839929,97579,6810,38073,2736,46.08093375153241,3.215970227691775,6.97896063702231,17.97968200865036,1.292054998966916,1.7049393220187183,1.6103590347263097,25529,1889,12.056031708196656,0.8923805785993478
11,Brasil,09/05/2020,19,211755691.6839929,157248,10695,59669,3885,74.25916099325643,5.050631657145894,6.8013583638583635,28.178227241724016,1.8346614294541186,1.5672261182465264,1.4199561403508771,40024,2773,18.901184197241044,1.3096853790697784
12,Brasil,16/05/2020,20,211755691.6839929,234678,15702,77430,5007,110.82488415480917,7.415148974334252,6.69087004320814,36.56572316155274,2.364517317188358,1.2976587507751094,1.2888030888030888,58390,3876,27.574544137309037,1.830411248536464
13,Brasil,23/05/2020,21,211755691.6839929,351561,22196,116883,6494,166.02198373238593,10.481890627583942,6.313555826727082,55.197099577576765,3.06674165324969,1.5095311894614492,1.2969842220890753,84660,5128,39.98034999361784,2.4219734666307224
14,Brasil,30/05/2020,22,211755691.6839929,502913,28895,151352,6699,237.4968039822546,13.645441957291315,5.745526562248341,71.47482024986866,3.163551329707372,1.2949017393461837,1.0315676008623345,115221,6066,54.412547662999394,2.86493676671514
15,Brasil,06/06/2020,23,211755691.6839929,676893,36054,173980,7159,319.6575235437546,17.02622475612324,5.326395752356724,82.16071956150002,3.3807827988319263,1.1495057878323378,1.0686669652186893,147405,6784,69.61087979631515,3.2036919272629962
16,Brasil,13/06/2020,24,211755691.6839929,851779,42792,174886,6738,402.2460946509652,20.208193536473782,5.023838343044381,82.58857110721054,3.1819687803505405,1.005207495114381,0.9411929040368766,166739,6865,78.74137030619308,3.2421009696299463
17,Brasil,20/06/2020,25,211755691.6839929,1071337,50100,219558,7308,505.9306748641151,23.659340441609096,4.676399676292334,103.6845802131499,3.4511469051353147,1.2554349690655626,1.0845948352626893,189474,7068,89.47795696062015,3.3379661614392604
18,Brasil,27/06/2020,26,211755691.6839929,1318551,57159,247214,7059,622.6755887948925,26.99289900802264,4.33498590498206,116.74491393077747,3.333558566413545,1.12596216034032,0.965927750410509,213886,7035,101.0060217503793,3.3222247506331333
19,Brasil,04/07/2020,27,211755691.6839929,1580041,64410,261490,7251,746.1622341457181,30.417128100679477,4.076476496495976,123.4866453508256,3.4242290926568373,1.057747538569822,1.0271993200169995,242754,7206,114.63871316491766,3.402978188068566
20,Brasil,11/07/2020,28,211755691.6839929,1844313,71578,264272,7168,870.9626576424231,33.80216108042906,3.8810115202788245,124.80042349670497,3.385032979749581,1.010639030173238,0.9885533029926906,257658,7159,121.67732759276934,3.3809402129399877
21,Brasil,18/07/2020,29,211755691.6839929,2077955,78870,233642,7292,981.2982987493779,37.24575210837743,3.795558614118207,110.33564110695474,3.443591027948374,0.88409668826058,1.0172991071428572,253134,7237,119.54090331816177,3.4176177001182637
22,Brasil,25/07/2020,30,211755691.6839929,2398993,86536,321038,7666,1132.906030020701,40.86596176557055,3.607180179350252,151.60773127132336,3.6202096571931204,1.374059458487772,1.051289083927592,272984,7375,128.91459862499437,3.482944554963692
23,Brasil,01/08/2020,31,211755691.6839929,2711992,93668,312999,7132,1280.7174052479108,44.233994021649515,3.4538449965929106,147.81137522720968,3.3680322560789637,0.9749593506064702,0.9303417688494652,289226,7363,136.58491586849593,3.477277647073486
24,Brasil,08/08/2020,32,211755691.6839929,3018397,100648,306405,6980,1425.4148145894526,47.53024544445254,3.334485158844248,144.69740934154163,3.296251422803024,0.9789328400410225,0.978687605159843,313480,7259,148.03883861335822,3.4281644453583695
25,Brasil,15/08/2020,33,211755691.6839929,3320108,107364,301711,6716,1567.8955184612753,50.70182489367104,3.233750227402241,142.48070387182278,3.171579449218497,0.9846804066513275,0.9621776504297994,307038,6942,144.99649614685805,3.2786210427001614
26,Brasil,22/08/2020,34,211755691.6839929,3586586,114378,266478,7014,1693.7377085251298,54.01413255549631,3.1890494191412113,125.84219006385446,3.3123076618252734,0.883222686610697,1.0443716497915425,291531,6903,137.67343442573963,3.2600461779489316
27,Brasil,29/08/2020,35,211755691.6839929,3850070,120570,263484,6192,1818.1660050703779,56.93825702684249,3.1316313729360763,124.42829654524813,2.924124471346178,0.9887645509197758,0.8828058169375534,277224,6640,130.9170634936418,3.136003860796649
28,Brasil,05/09/2020,36,211755691.6839929,4125816,126292,275746,5722,1948.384936994768,59.640427605822275,3.061018717267081,130.21893192439006,2.702170578979785,1.0465379301969,0.9240956072351422,268569,6309,126.82980617783089,2.9795342373837457
29,Brasil,12/09/2020,37,211755691.6839929,4318971,131341,193155,5049,2039.6009031224926,62.024779100626354,3.0410252812533356,91.21596612772466,2.3843514948040783,0.7004816026343084,0.8823837818944426,244128,5654,115.28773153245429,2.670215515043347
30,Brasil,19/09/2020,38,211755691.6839929,4531145,136626,212174,5285,2139.798446013869,64.5205797839378,3.015264353711921,100.19754289137661,2.4958006833114585,1.0984649633713857,1.0467419290948703,227025,5352,107.21081364783045,2.527440919031774
31,Brasil,26/09/2020,39,211755691.6839929,4720957,141508,189812,4882,2229.4357060518473,66.8260668106032,2.99744310316743,89.63726003797815,2.3054870266653813,0.8946053710633726,0.9237464522232735,198380,5072,93.68358968569315,2.3952130682603063
32,Brasil,03/10/2020,40,211755691.6839929,4908974,146093,188017,4585,2318.2252911179157,68.99129786698599,2.9760393923455286,88.78958506606821,2.1652310563827886,0.9905432743978252,0.939164276935682,196667,4917,92.87479599847433,2.322172922119876
33,Brasil,10/10/2020,41,211755691.6839929,5084513,150302,175539,4209,2401.1222364628184,70.97896580947565,2.956074652577346,82.89694534490258,1.9876679424896744,0.9336336607859927,0.9179934569247546,184456,4558,87.10793014964965,2.152795341845948
34,Brasil,17/10/2020,42,211755691.6839929,5226341,153756,141828,3454,2468.09942081716,72.61009079720655,2.9419435126793294,66.97718435434201,1.6311249877308946,0.8079572060909541,0.8206224756474222,168461,4082,79.5545715884376,1.9280079955344525
35,Brasil,24/10/2020,43,211755691.6839929,5384340,156991,157999,3235,2542.7132357958785,74.13779471594118,2.9156962598944345,74.61381497871848,1.5277039187346393,1.1140183884705417,0.9365952518818761,158455,3632,74.82931489265435,1.715498949651736
36,Brasil,31/10/2020,44,211755691.6839929,5537763,159972,153423,2981,2615.166069899132,75.54554908433315,2.8887476766340487,72.45283410325334,1.4077543683919505,0.9710377913784265,0.921483771251932,151083,3223,71.34794447877128,1.5221944249524946
37,Brasil,07/11/2020,45,211755691.6839929,5655887,162348,118124,2376,2670.949222201021,76.66759684659388,2.8704250986626856,55.78315230188888,1.1220477622607428,0.7699236750682753,0.7970479704797048,143182,2864,67.61660046128691,1.3525020164624442
38,Brasil,14/11/2020,46,211755691.6839929,5851389,165739,195502,3391,2763.273541063605,78.26897056790119,2.832472768431564,92.32431886258406,1.6013737213073143,1.6550573973113,1.4271885521885521,155683,2916,73.52010175590875,1.3770586173200023
39,Brasil,21/11/2020,47,211755691.6839929,6056135,169088,204746,3349,2859.9632679709443,79.8505101115928,2.7920117368585737,96.68972690733924,1.581539543691594,1.0472834037503453,0.9876142730757889,172790,3038,81.5990660239374,1.4349870090865504
40,Brasil,28/11/2020,48,211755691.6839929,6297258,172684,241123,3596,2973.831753905118,81.54869350935779,2.7422093870062176,113.86848593417385,1.6981833977649963,1.1776689166088714,1.073753359211705,213790,3445,100.9608439013657,1.6270322209213015
41,Brasil,05/12/2020,49,211755691.6839929,6580517,176718,283259,4034,3107.598642411101,83.45371904511529,2.6854728891362183,133.76688850598305,1.9050255357575068,1.174748987031515,1.1218020022246942,243042,3659,114.77503378249871,1.7282494924046992
42,Brasil,12/12/2020,50,211755691.6839929,6884782,181241,304265,4523,3251.2854531788894,85.58967107739869,2.6324871288589824,143.68681076778824,2.135952032283392,1.0741582791720652,1.1212196331184927,276215,4051,130.44072840264838,1.9130536552686317
43,Brasil,19/12/2020,51,211755691.6839929,7218141,186461,333359,5220,3408.7116821264813,88.0547760096382,2.5832274542711207,157.42622894759214,2.4651049322395107,1.0956205938901944,1.154101260225514,306961,4592,144.95997607378783,2.1686941667601363
44,Brasil,26/12/2020,52,211755691.6839929,7469541,190913,251400,4452,3527.4334024262926,90.15719883690454,2.5558866334624843,118.72172029981091,2.1024228272663414,0.7541419310713076,0.8528735632183908,296341,4731,139.94492000506378,2.234493263929748
45,Brasil,02/01/2021,53,211755691.6839929,7719324,195834,249783,4921,3645.3915068878982,92.48110331421309,2.5369319904178136,117.95810446160569,2.32390447730855,0.9935680190930788,1.1053459119496856,278180,4864,131.36868456966957,2.297144078938134
46,Norte,09/01/2021,1,18672590.959272966,891936,18736,29666,615,4776.712572697669,100.33958351503193,2.100599146127076,158.8745775275906,3.293597558803621,0.0,0.0,29666,615,158.8745775275906,3.293597558803621
47,Norte,14/03/2020,11,18672590.959272966,2,0,2,0,0.010710886370093075,0.0,0.0,0.010710886370093075,0.0,6.741724533135576e-05,0.0,2,0,0.010710886370093075,0.0
48,Norte,21/03/2020,12,18672590.959272966,32,0,30,0,0.1713741819214892,0.0,0.0,0.16066329555139613,0.0,15.0,0.0,9899,205,53.015317236504025,1.0978658529345402
49,Norte,28/03/2020,13,18672590.959272966,189,1,157,1,1.0121787619737956,0.005355443185046538,0.5291005291005291,0.8408045800523064,0.005355443185046538,5.233333333333333,0.0,63,0,0.33739292065793186,0.0017851477283488458
50,Norte,04/04/2020,14,18672590.959272966,537,16,348,15,2.8758729903699907,0.0856870909607446,2.97951582867784,1.8636942283961953,0.08033164777569807,2.21656050955414,15.0,178,5,0.9550540346666326,0.028562363653581533
51,Norte,11/04/2020,15,18672590.959272966,1689,76,1152,60,9.045343539543602,0.4070136820635369,4.499703966844287,6.169470549173612,0.32132659110279227,3.310344827586207,4.0,552,25,2.957989785874038,0.13567122735451229
52,Norte,18/04/2020,16,18672590.959272966,3463,218,1774,142,18.54589974981616,1.1674866143401452,6.2951198382905,9.500556210272558,0.7604729322766084,1.5399305555555556,2.3666666666666667,1091,72,5.844573662614121,0.3873770570516996
53,Norte,25/04/2020,17,18672590.959272966,7114,426,3651,208,38.09862281842107,2.281418796829825,5.988192296879393,19.55272306860491,1.11393218248968,2.0580608793686586,1.4647887323943662,2192,136,11.740916609350359,0.731910568623027
54,Norte,02/05/2020,18,18672590.959272966,13097,905,5983,479,70.14023939455451,4.846676082467117,6.909979384591891,32.041616576133436,2.5652572856372915,1.6387291153108738,2.3028846153846154,3802,276,20.36496528500363,1.4798874668011932
55,Norte,09/05/2020,19,18672590.959272966,25924,1751,12827,846,138.83450912914645,9.377381017016488,6.754358895232217,68.69426973459194,4.530704934549371,2.1439077385926795,1.7661795407098122,7487,511,40.09620312644343,2.7366314675587806
56,Norte,16/05/2020,20,18672590.959272966,43848,2914,17924,1163,234.8254727779206,15.605761441225612,6.645685093960956,95.99096364877414,6.228380424209123,1.3973649333437281,1.3747044917257683,12244,829,65.5756166531665,4.441447548131928
57,Norte,23/05/2020,21,18672590.959272966,70863,4381,27015,1467,379.5027704219528,23.462196593688883,6.182351862043662,144.67729764403222,7.856435152463271,1.5071970542289668,1.2613929492691316,19255,1158,103.12084367579943,6.205173503740589
58,Norte,30/05/2020,22,18672590.959272966,106002,5662,35139,1281,567.6876885013031,30.322519313733498,5.341408652666931,188.1849180793503,6.860322720044615,1.3007218212104386,0.8732106339468303,26692,1303,142.9510597907189,6.981712765572336
59,Norte,06/06/2020,23,18672590.959272966,141817,6836,35815,1174,759.4928861737449,36.60980961297813,4.820296579394572,191.80519767244175,6.287290299244636,1.0192378838327785,0.9164715066354411,32656,1307,174.8891377986081,7.001349390584174
60,Norte,13/06/2020,24,18672590.959272966,175817,7872,34000,1036,941.5779544653271,42.15804875268635,4.477382733182798,182.08506829158227,5.548239139708214,0.9493229093955047,0.8824531516183987,34984,1163,187.35839468112476,6.2319507196658215
61,Norte,20/06/2020,25,18672590.959272966,211496,8718,35679,846,1132.6548118646026,46.68875368723572,4.1220637742557775,191.0768573992754,4.530704934549371,1.0493823529411765,0.8166023166023166,35164,1018,188.32237445443312,5.4554114578340736
62,Norte,27/06/2020,26,18672590.959272966,254583,9328,43087,610,1363.4047923787027,49.95557403011411,3.6640309840012883,230.74998051410017,3.266820342878388,1.2076291375879369,0.7210401891252955,37588,830,201.30396873498594,4.448588139045325
63,Norte,04/07/2020,27,18672590.959272966,287964,9982,33381,654,1542.1748413387413,53.45803387313454,3.4664055229125865,178.77004896003848,3.5024598430204357,0.7747348388144916,1.0721311475409836,37382,703,200.19896229113803,3.766661706816065
64,Norte,11/07/2020,28,18672590.959272966,320156,10472,32192,490,1714.5772683517594,56.082201033807344,3.2709054336011194,172.40242701301815,2.6241671606728034,0.9643809352625745,0.7492354740061162,36220,584,193.9741521623856,3.1311491155238755
65,Norte,18/07/2020,29,18672590.959272966,351162,11023,31006,551,1880.6281397473124,59.03305022876799,3.1390070679629343,166.05087139555295,2.9508491949606426,0.9631585487077535,1.1244897959183673,32193,565,172.4077824562032,3.025825399551294
66,Norte,25/07/2020,30,18672590.959272966,385545,11592,34383,569,2064.7643427787675,62.08029740105947,3.0066529198926197,184.13620303145512,3.0472471722914802,1.108914403663807,1.0326678765880217,32527,536,174.19650048000872,2.8740878426416416
67,Norte,01/08/2020,31,18672590.959272966,413676,11943,28131,351,2215.4183150173117,63.960057959010804,2.8870420328953097,150.65397223854416,1.8797605579513348,0.8181659541052264,0.616871704745167,31173,490,166.94701555518407,2.625952308401153
68,Norte,08/08/2020,32,18672590.959272966,445623,12338,31947,395,2386.508658449993,66.07545801710418,2.768708078353227,171.09034343268175,2.1154000580933823,1.135651061106964,1.1253561253561253,31487,438,168.62683956756032,2.3474692627787324
69,Norte,15/08/2020,33,18672590.959272966,475421,12683,29798,345,2546.09015447801,67.92308591594524,2.6677408023625375,159.58149602801674,1.8476278988410555,0.9327323379347043,0.8734177215189873,29958,363,160.4419372330809,1.947596171628591
70,Norte,22/08/2020,34,18672590.959272966,505675,13067,30254,384,2708.113732598408,69.97957609900311,2.584070796460177,162.02357812039796,2.0564901830578703,1.015303040472515,1.1130434782608696,30666,374,164.23180586036548,2.0065060466641027
71,Norte,29/08/2020,35,18672590.959272966,534741,13392,29066,325,2863.775044214971,71.72009513414324,2.5043899757078663,155.66131161656267,1.7405190351401247,0.960732465128578,0.8463541666666666,29706,351,159.08879525499245,1.8815457056796834
72,Norte,05/09/2020,36,18672590.959272966,559969,13911,25228,519,2998.882164887325,74.49957014718238,2.484244663543875,135.10712067235406,2.779475013039153,0.8679556870570426,1.596923076923077,28182,409,150.93067013643824,2.1921614104123828
73,Norte,12/09/2020,37,18672590.959272966,579814,14203,19845,292,3105.1609348945735,76.06335955721597,2.4495786579834222,106.27877000724854,1.563789410033589,0.7866259711431742,0.5626204238921002,24713,378,132.34906743205508,2.027927819404289
74,Norte,19/09/2020,38,18672590.959272966,600313,14531,20499,328,3214.942164744842,77.81994492191124,2.420570602335782,109.78122985026899,1.7565853646952645,1.0329554043839757,1.1232876712328768,21857,379,117.05570684329052,2.0332832625893356
75,Norte,26/09/2020,39,18672590.959272966,621073,14815,20760,284,3326.1211652664083,79.34089078646446,2.385387869058871,111.17900052156612,1.5209458645532168,1.0127323284062637,0.8658536585365854,20368,301,109.0796667930279,1.6137735464273568
76,Norte,03/10/2020,40,18672590.959272966,640797,15151,19724,336,3431.7519266482664,81.14031969664009,2.364399333954435,105.63076138185791,1.7994289101756367,0.9500963391136802,1.1830985915492958,20327,316,108.86366391789767,1.6923200464747061
77,Norte,10/10/2020,41,18672590.959272966,654895,15365,14098,214,3507.2529646710523,82.28638453824006,2.346177631528718,75.50103802278609,1.146064841599959,0.7147637396065707,0.6369047619047619,18194,278,97.4369333087367,1.4888132054429375
78,Norte,17/10/2020,42,18672590.959272966,667953,15558,13058,193,3577.1843417813902,83.31998507295404,2.32920579741389,69.93137711033769,1.0336005347139818,0.9262306710171656,0.9018691588785047,15626,247,83.6877255049939,1.3263647621631927
79,Norte,24/10/2020,43,18672590.959272966,686050,15791,18097,233,3674.1017971011775,84.56780333506988,2.301727279352817,96.9174553197872,1.2478182621158433,1.385893705008424,1.2072538860103628,15084,213,80.78329015097033,1.1424945461432614
80,Norte,31/10/2020,44,18672590.959272966,702432,15981,16382,190,3761.8346673586097,85.58533754022872,2.275095667623343,87.73287025743238,1.0175342051588423,0.9052329115322981,0.8154506437768241,15845,205,84.86056756251908,1.0996510006628892
81,Norte,07/11/2020,45,18672590.959272966,716005,16145,13573,164,3834.5240977092462,86.46363022257636,2.254872521839931,72.68943035063666,0.8782926823476322,0.8285313148577708,0.8631578947368421,16017,195,85.77991864261874,1.0478817165407726
82,Norte,14/11/2020,46,18672590.959272966,732375,16349,16370,204,3922.192702648458,87.55614063232585,2.232326335552142,87.66860493921183,1.0925104097494938,1.2060708760038312,1.2439024390243902,15441,186,82.69696851576029,0.9961124324186561
83,Norte,21/11/2020,47,18672590.959272966,748441,16522,16066,173,4008.2332528594156,88.4826323033389,2.2075220358050935,86.04055021095768,0.9264916710130511,0.9814294441050703,0.8480392156862745,15336,180,82.13286183360206,0.9657649210367256
84,Norte,28/11/2020,48,18672590.959272966,767391,16754,18950,232,4109.718901216048,89.72509512226969,2.183241659076012,101.4856483566319,1.2424628189307967,1.179509523216731,1.3410404624277457,17128,203,91.7316011689338,1.087154966564447
85,Norte,05/12/2020,49,18672590.959272966,786440,16973,19049,219,4211.734738447999,90.8979371797949,2.158206601902243,102.0158372319515,1.1728420575251919,1.0052242744063324,0.9439655172413793,18021,208,96.51401193318036,1.1139321824896797
86,Norte,12/12/2020,50,18672590.959272966,805153,17188,18713,215,4311.951146769775,92.0493574645799,2.1347495444965117,100.21640832177586,1.1514202847850057,0.9823612788072865,0.9817351598173516,18904,222,101.23929797011975,1.1889083870803314
87,Norte,19/12/2020,51,18672590.959272966,826511,17451,21358,263,4426.332702315999,93.45783902224713,2.1114056558230927,114.38155554622395,1.4084815576672394,1.1413455886282264,1.2232558139534884,19706,232,105.53793369998375,1.2442479666591455
88,Norte,26/12/2020,52,18672590.959272966,843502,17725,16991,274,4517.327037473125,94.92523045494988,2.1013583844495924,90.99433515712572,1.4673914327027513,0.7955332896338608,1.0418250950570342,19020,250,101.86409967504186,1.342431091718332
89,Norte,02/01/2021,53,18672590.959272966,862270,18121,18768,396,4617.837995170078,97.04598595622831,2.1015459194915747,100.51095769695343,2.120755501278429,1.104584780177741,1.4452554744525548,19039,311,101.96228280010102,1.6655428305494733
90,Nordeste,09/01/2021,1,57374243.051191874,1961772,48836,55892,890,3419.2555677808577,85.11833429580297,2.4893820484745426,97.41653576175402,1.5512187223209237,0.0,0.0,55892,890,97.41653576175402,1.5512187223209237
91,Nordeste,07/03/2020,10,57374243.051191874,2,0,2,0,0.003485884769260503,0.0,0.0,0.003485884769260503,0.0,3.5783296357260434e-05,0.0,2,0,0.003485884769260503,0.0
92,Nordeste,14/03/2020,11,57374243.051191874,17,0,15,0,0.029630020538714275,0.0,0.0,0.02614413576945377,0.0,7.5,0.0,18636,296,32.48205526076425,0.5170729074403079
93,Nordeste,21/03/2020,12,57374243.051191874,191,0,174,0,0.33290199546437804,0.0,0.0,0.30327197492566377,0.0,11.6,0.0,63,0,0.11096733182145935,0.0
94,Nordeste,28/03/2020,13,57374243.051191874,655,11,464,11,1.1416272619328147,0.019172366230932766,1.6793893129770994,0.8087252664684367,0.019172366230932766,2.6666666666666665,0.0,217,3,0.37938045905451806,0.006390788743644255
95,Nordeste,04/04/2020,14,57374243.051191874,1680,64,1025,53,2.9281432061788224,0.11154831261633609,3.8095238095238098,1.7865159442460077,0.09237594638540333,2.209051724137931,4.818181818181818,554,21,0.966171061880036,0.03718277087211203
96,Nordeste,11/04/2020,15,57374243.051191874,4048,231,2368,167,7.055430772983258,0.4026196908495881,5.706521739130435,4.127287566804435,0.291071378233252,2.310243902439024,3.150943396226415,1285,77,2.2408429258396265,0.13420656361652938
97,Nordeste,18/04/2020,16,57374243.051191874,8804,553,4756,322,15.344864754284734,0.9638471387005291,6.281235801908223,8.289433981301476,0.561227447850941,2.008445945945946,1.9281437125748504,2716,180,4.73441249745064,0.3148915908231988
98,Nordeste,25/04/2020,17,57374243.051191874,16823,1040,8019,487,29.32151973663472,1.8126600800154615,6.182012720680021,13.976654982349986,0.8488129413149325,1.686080740117746,1.5124223602484472,5047,325,8.797792176818632,0.5670372557997085
99,Nordeste,02/05/2020,18,57374243.051191874,29084,1863,12261,823,50.69173631458624,3.2471016625661586,6.405583826158713,21.370216577951513,1.4344415825506969,1.5289936401047513,1.6899383983572895,8345,544,14.545435180534326,0.9481606572388568
100,Nordeste,09/05/2020,19,57374243.051191874,50233,3009,21149,1146,87.55322480713143,5.244513635352427,5.990086198315849,36.86148849254519,1.9974119727862683,1.7249000897153577,1.3924665856622114,13809,818,24.069453350948894,1.4268888322172992
101,Nordeste,16/05/2020,20,57374243.051191874,79136,4553,28903,1544,137.9294885500996,7.935616677221535,5.753386575010109,50.376263742968156,2.691103041869108,1.3666367204123127,1.3472949389179756,20771,1171,36.20265627115495,2.0409855324020243
102,Nordeste,23/05/2020,21,57374243.051191874,122357,6555,43221,2002,213.26120135620369,11.424987331251298,5.357274205807596,75.3317128061041,3.4893706540297633,1.4953811023077188,1.2966321243523315,31091,1564,54.18982168053915,2.7259618895617135
103,Nordeste,30/05/2020,22,57374243.051191874,174737,8674,52380,2119,304.5565234631363,15.1182822442828,4.964031659007537,91.29532210693257,3.6932949130315027,1.2119108766571804,1.0584415584415585,41501,1888,72.33443288533493,3.291256202976791
104,Nordeste,06/06/2020,23,57374243.051191874,238429,11157,63692,2483,415.56800982500624,19.446008185319716,4.67938044449291,111.01148636186997,4.327725941036914,1.2159602901870943,1.1717791411042944,53097,2201,92.54617375830223,3.83679716936606
105,Nordeste,13/06/2020,24,57374243.051191874,301278,13674,62849,2517,525.110195756633,23.83299416743406,4.538665285882142,109.54218593162668,4.386985982114343,0.9867644288136658,1.013693113169553,59640,2373,103.94966480014307,4.136002278727586
106,Nordeste,20/06/2020,25,57374243.051191874,374714,15941,73436,2267,653.10491271434,27.784244553390838,4.25417785297587,127.99471695770714,3.9512503859567802,1.1684513675635253,0.9006754072308304,66659,2422,116.18279641706793,4.2219874363693455
107,Nordeste,27/06/2020,26,57374243.051191874,452053,18381,77339,2440,787.902333799259,32.03702397188865,4.066116141248925,134.79742108491902,4.252779418497814,1.053148319625252,1.0763123070136744,71208,2408,124.11144132475094,4.197005262189646
108,Nordeste,04/07/2020,27,57374243.051191874,541509,20788,89456,2407,943.8189877587429,36.23228629169367,3.838902031175844,155.91665395948377,4.195262319805015,1.1566738644151076,0.9864754098360655,80077,2371,139.56959733403664,4.133097374753203
109,Nordeste,11/07/2020,28,57374243.051191874,623441,23083,81932,2295,1086.6217432162687,40.232339064420096,3.7025155547998927,142.80275545752576,4.000052772726427,0.9158916115185118,0.953469048608226,82909,2380,144.50561016730953,4.149364837009752
110,Nordeste,18/07/2020,29,57374243.051191874,694499,25221,71058,2138,1210.471743183325,43.95874988275957,3.6315387063192315,123.8499999670564,3.7264108183394775,0.8672801835668603,0.9315904139433551,80815,2280,140.85646979468865,3.9739086369569727
111,Nordeste,25/07/2020,30,57374243.051191874,784418,27202,89919,1981,1367.1953794668925,47.4115187467121,3.467793956793444,156.72363628356757,3.452768863952528,1.2654310563201892,0.9265668849391955,80969,2138,141.12546390271658,3.7264108183394775
112,Nordeste,01/08/2020,31,57374243.051191874,872782,28970,88364,1768,1521.2087403423602,50.493040882738384,3.3192710207130762,154.01336087546755,3.0815221360262846,0.9827066582146153,0.8924785461887935,83113,1962,144.86233237536385,3.4202339394394303
113,Nordeste,08/08/2020,32,57374243.051191874,949712,30608,76930,1638,1655.2932979919653,53.34798050876274,3.222871775864683,134.08455764960524,2.854939626024352,0.8706034131546784,0.9264705882352942,85071,1795,148.27385160288011,3.129743542001055
114,Nordeste,15/08/2020,33,57374243.051191874,1019116,32128,69404,1520,1776.2604712548434,55.997252933400716,3.1525361195388943,120.96717326287798,2.6492724246379824,0.9021708046275835,0.927960927960928,78232,1642,136.3550305959836,2.8619113955628728
115,Nordeste,22/08/2020,34,57374243.051191874,1079216,33578,60100,1450,1881.0113085711214,58.52451939111459,3.1113326711242237,104.75083731627811,2.5272664577138646,0.8659443259754481,0.9539473684210527,68811,1536,119.93418940958712,2.6771595027920667
116,Nordeste,29/08/2020,35,57374243.051191874,1139333,34859,60117,1281,1985.7917759079382,60.757228585825935,3.059597150262478,104.78046733681683,2.232709194711352,1.0002828618968387,0.883448275862069,63207,1417,110.1661593053243,2.4697493590210664
117,Nordeste,05/09/2020,36,57374243.051191874,1191702,35885,52369,1026,2077.06792564864,62.54548747245657,3.011239387027965,91.27614974070164,1.788258886630638,0.8711179865928107,0.8009367681498829,57528,1252,100.26915146459885,2.1827448463519517
118,Nordeste,12/09/2020,37,57374243.051191874,1229045,36841,37343,956,2142.1546231178872,64.2117403921631,2.997530603029181,65.08669746924748,1.6662529197065203,0.7130745288243044,0.9317738791423001,49943,1087,87.04777151558865,1.8957403336828367
119,Nordeste,19/09/2020,38,57374243.051191874,1270058,37747,41013,906,2213.6379191387277,65.7908461926381,2.972068992124769,71.4832960208405,1.5791058004750078,1.0982781244142141,0.9476987447698745,43575,962,75.94871441026321,1.6778725356040554
120,Nordeste,26/09/2020,39,57374243.051191874,1306243,38670,36185,923,2276.7062893265734,67.39958201365182,2.960398639456824,63.06837018784565,1.6087358210137221,0.8822812279033477,1.0187637969094923,38180,928,66.54612122597787,1.61803151373175
121,Nordeste,03/10/2020,40,57374243.051191874,1339861,39593,33618,923,2335.3005264130734,69.00831783466555,2.955008019488589,58.594237086499795,1.6087358210137221,0.9290590023490397,1.0,36938,917,64.38196776506199,1.5988591475008171
122,Nordeste,10/10/2020,41,57374243.051191874,1385450,40277,45589,684,2414.759526785982,70.20049042575263,2.9071420837994877,79.45900037290853,1.192172591087092,1.3560889999405081,0.7410617551462622,38464,843,67.040535882418,1.4698814110381786
123,Nordeste,17/10/2020,42,57374243.051191874,1418007,41030,32557,753,2471.504502002389,71.51292604137922,2.8934977048773387,56.7449752164071,1.3124356156265793,0.7141415692381934,1.1008771929824561,37254,786,64.93273755860514,1.371114675909131
124,Nordeste,24/10/2020,43,57374243.051191874,1451629,41569,33622,539,2530.1057108584273,72.45237198669493,2.863610467963922,58.60120885603831,0.9394459453157056,1.0327118592007862,0.7158034528552457,37256,658,64.93506148178464,1.1480180506764588
125,Nordeste,31/10/2020,44,57374243.051191874,1479390,42190,27761,621,2578.491534398148,73.53473920755032,2.8518511007915426,48.38582353972041,1.082367220855386,0.8256796145381,1.1521335807050093,31313,637,54.577335870721946,1.1114162605992237
126,Nordeste,07/11/2020,45,57374243.051191874,1505708,42743,26318,553,2624.3622920768466,74.49858634625083,2.838731015575397,45.87075767869896,0.9638471387005291,0.9480206044450848,0.8904991948470209,29233,571,50.952596691485894,0.9952201016238735
127,Nordeste,14/11/2020,46,57374243.051191874,1537847,43267,32139,524,2680.3787173764786,75.41188815579709,2.8134788441242855,56.01642529963165,0.9133018095462517,1.221179420928642,0.9475587703435805,28739,566,50.091002172683666,0.9865053897007222
128,Nordeste,21/11/2020,47,57374243.051191874,1573263,43791,35416,524,2742.1067648705434,76.32518996534334,2.7834507008681957,61.72804749406499,0.9133018095462517,1.1019633467127166,1.0,31291,533,54.5384101574652,0.9301502525976776
129,Nordeste,28/11/2020,48,57374243.051191874,1622972,44371,49709,580,2828.7466878681284,77.33609654842888,2.7339350278378185,86.63992299758517,1.010906583085546,1.4035746555229276,1.1068702290076335,39088,542,68.12813193042727,0.9458367340593498
130,Nordeste,05/12/2020,49,57374243.051191874,1674042,44990,51070,619,2917.7587554511956,78.41497788451501,2.687507242948504,89.01206758306694,1.0788813360861256,1.0273793478042206,1.0672413793103448,45398,574,79.12667935823903,1.0010299095726412
131,Nordeste,12/12/2020,50,57374243.051191874,1742409,45697,68367,707,3036.9184974612117,79.6472381504486,2.6226333771232815,119.1597420100164,1.2322602659335877,1.3386919913843744,1.1421647819063006,56382,635,98.27057753022284,1.1073493950350863
132,Nordeste,19/12/2020,51,57374243.051191874,1807618,46504,65209,807,3150.574027420566,81.05379265484521,2.572667455181349,113.65552995935407,1.406554504396613,0.9538081238024193,1.1414427157001414,61548,711,107.27577985081247,1.2392320354721087
133,Nordeste,26/12/2020,52,57374243.051191874,1854686,47218,47068,714,3232.6108395803426,82.29825351747121,2.545875690008983,82.03681215977667,1.2444608626259996,0.7218022052170713,0.8847583643122676,60214,742,104.9506947097157,1.2944252109854
134,Nordeste,02/01/2021,53,57374243.051191874,1905880,47946,51194,728,3321.839032019104,83.56711557348204,2.515688290973199,89.2281924387611,1.268862056010823,1.0876604062207869,1.0196078431372548,54490,749,94.97351151929728,1.306625807677812
135,Centro-Oeste,09/01/2021,1,16504302.998604896,908034,18528,29022,544,5501.80156094296,112.26163262735886,2.0404522297623218,175.84505084797112,3.2961101116841114,0.0,0.0,29022,544,175.84505084797112,3.2961101116841114
136,Centro-Oeste,07/03/2020,10,16504302.998604896,1,0,1,0,0.006059025940595793,0.0,0.0,0.006059025940595793,0.0,3.445661911653229e-05,0.0,1,0,0.006059025940595793,0.0
137,Centro-Oeste,14/03/2020,11,16504302.998604896,14,0,13,0,0.0848263631683411,0.0,0.0,0.07876733722774532,0.0,13.0,0.0,9678,181,58.643292403713154,1.0987033705613705
138,Centro-Oeste,21/03/2020,12,16504302.998604896,144,0,130,0,0.8724997354457943,0.0,0.0,0.7876733722774532,0.0,10.0,0.0,48,0,0.2908332451485981,0.0
139,Centro-Oeste,28/03/2020,13,16504302.998604896,358,1,214,1,2.169131286733294,0.006059025940595793,0.27932960893854747,1.2966315512874997,0.006059025940595793,1.646153846153846,0.0,119,0,0.7210240869308994,0.002019675313531931
140,Centro-Oeste,04/04/2020,14,16504302.998604896,681,11,323,10,4.126196665545735,0.06664928534655373,1.6152716593245229,1.9570653788124412,0.060590259405957934,1.5093457943925233,10.0,222,3,1.347123434125798,0.022216428448851244
141,Centro-Oeste,11/04/2020,15,16504302.998604896,1022,29,341,18,6.192324511288901,0.175711752277278,2.8375733855185907,2.0661278457431655,0.10906246693072429,1.0557275541795665,1.8,292,9,1.7732749252810356,0.058570584092426
142,Centro-Oeste,18/04/2020,16,16504302.998604896,1506,52,484,23,9.124893066537265,0.31506934891098126,3.4528552456839305,2.932568555248364,0.13935759663370326,1.4193548387096775,1.2777777777777777,382,17,2.318587259934657,0.10300344099012848
143,Centro-Oeste,25/04/2020,17,16504302.998604896,1989,68,483,16,12.051402595845033,0.4120137639605139,3.418803418803419,2.926509529307768,0.09694441504953269,0.9979338842975206,0.6956521739130435,436,19,2.6417353100997656,0.11512149287132008
144,Centro-Oeste,02/05/2020,18,16504302.998604896,3029,83,1040,15,18.35278957406466,0.5028991530694509,2.7401782766589635,6.301386978219625,0.0908853891089369,2.153209109730849,0.9375,669,18,4.053488354258586,0.10906246693072429
145,Centro-Oeste,09/05/2020,19,16504302.998604896,4493,113,1464,30,27.2232035510969,0.6846699312873247,2.5150233696861783,8.870413977032241,0.1817707782178738,1.4076923076923078,2.0,995,20,6.032770161519878,0.1232001941254478
146,Centro-Oeste,16/05/2020,20,16504302.998604896,7157,167,2664,54,43.36444865684409,1.0118573320794975,2.3333799077825903,16.141245105747192,0.32718740079217284,1.819672131147541,1.8,1722,33,10.43768202033302,0.19994785603966117
147,Centro-Oeste,23/05/2020,21,16504302.998604896,10904,244,3747,77,66.06761885625653,1.4784023295053736,2.2377109317681585,22.703170199412437,0.4665449974258761,1.4065315315315314,1.4259259259259258,2625,53,15.904943094063958,0.32516772547864087
148,Centro-Oeste,30/05/2020,22,16504302.998604896,16985,364,6081,120,102.91255560101955,2.205485442376869,2.143067412422726,36.84493674476302,0.7270831128714952,1.622898318654924,1.5584415584415585,4164,83,25.22978401664088,0.5069385036965147
149,Centro-Oeste,06/06/2020,23,16504302.998604896,27661,502,10676,138,167.59871654282023,3.041631022179088,1.8148295434004555,64.6861609418007,0.8361455798022195,1.7556322973195198,1.15,6834,111,41.41142262865872,0.676591230033197
150,Centro-Oeste,13/06/2020,24,16504302.998604896,39072,734,11411,232,236.73826155095884,4.447325040397312,1.8785831285831285,69.1395450081386,1.405694018218224,1.0688460097414763,1.681159420289855,9389,163,56.89021423156743,0.9896409036306463
151,Centro-Oeste,20/06/2020,25,16504302.998604896,62187,1086,23115,352,376.7926461678306,6.580102171487032,1.7463456992619037,140.05438461687177,2.1327771310897194,2.0256769783542197,1.5172413793103448,15067,240,91.29336352227035,1.4582055763700543
152,Centro-Oeste,27/06/2020,26,16504302.998604896,86286,1576,24099,490,522.8091123102487,9.549024882378971,1.82648401826484,146.016466142418,2.9689227108919387,1.0425697598961714,1.3920454545454546,19541,358,118.40346525580946,2.1691312867332937
153,Centro-Oeste,04/07/2020,27,16504302.998604896,114708,2195,28422,619,695.0187475938623,13.299561939607766,1.9135544164312863,172.20963528361364,3.750537057228796,1.1793850367235155,1.263265306122449,25212,487,152.76016201430113,2.950745633070151
154,Centro-Oeste,11/07/2020,28,16504302.998604896,146402,2926,31694,731,887.0535157551053,17.72870990218329,1.9986065764128906,192.03476816124308,4.429147962575525,1.1151220885229751,1.1809369951534734,28071,613,170.0869565290916,3.716202576898753
155,Centro-Oeste,18/07/2020,29,16504302.998604896,171100,3695,24698,769,1036.6993384359403,22.388100850501456,2.159555815312683,149.6458226808349,4.6593909483181655,0.7792642140468228,1.051983584131327,28271,706,171.29674204189723,4.279691989374162
156,Centro-Oeste,25/07/2020,30,16504302.998604896,214521,4540,43421,845,1299.7883038025502,27.5079777703049,2.116342922138159,263.08896536660995,5.1198769198034455,1.7580775771317516,1.0988296488946685,33271,781,201.58985206956265,4.736138610232378
157,Centro-Oeste,01/08/2020,31,16504302.998604896,256896,5461,42375,921,1556.5395280352968,33.08834066159363,2.1257629546586947,256.7512242327467,5.5803628912887255,0.975910273830635,1.0899408284023668,36831,845,223.16200409339717,5.1198769198034455
158,Centro-Oeste,08/08/2020,32,16504302.998604896,301467,6363,44571,902,1826.596373233592,38.55358206001103,2.1106787807620737,270.0568451982951,5.4652413984174055,1.0518230088495575,0.9793702497285559,43455,889,263.29901159921724,5.388493736503192
159,Centro-Oeste,15/08/2020,33,16504302.998604896,345931,7261,44464,898,2096.0049026562433,43.99458735466605,2.0989734947142638,269.4085294226514,5.441005294655023,0.9975993358910502,0.9955654101995566,43803,907,265.40553295123107,5.495536528120385
160,Centro-Oeste,22/08/2020,34,16504302.998604896,387152,8288,41221,1027,2345.7640109535428,50.21720699565793,2.140761251394801,249.7591082972992,6.22261964099188,0.9270645915797049,1.143652561247216,43418,942,263.0748276394152,5.709622111354769
161,Centro-Oeste,29/08/2020,35,16504302.998604896,429240,9123,42088,835,2600.7762947413385,55.27649365605542,2.1253844003354767,255.01228378779575,5.059286660397487,1.021032968632493,0.813047711781889,42591,920,258.0599738359154,5.5743038653481305
162,Centro-Oeste,05/09/2020,36,16504302.998604896,467769,10056,38529,933,2834.2245052065537,60.929564858631295,2.1497790576117697,233.4482104652153,5.653071202575875,0.9154390800228094,1.1173652694610778,40612,931,246.0732008501034,5.644992501321748
163,Centro-Oeste,12/09/2020,37,16504302.998604896,502861,10852,35092,796,3046.8478435139414,65.75254950734555,2.158051628581258,212.62333830738757,4.822984648714251,0.9107944665057489,0.8531618435155413,38569,854,233.6946108534662,5.178447503895871
164,Centro-Oeste,19/09/2020,38,16504302.998604896,543242,11624,40381,772,3291.51737002114,70.4301175334855,2.1397461904639186,244.66952650719873,4.677568026139952,1.1507181123902883,0.9698492462311558,38000,833,230.2470250932672,5.051207959143359
165,Centro-Oeste,26/09/2020,39,16504302.998604896,576791,12345,33549,721,3494.7916313021883,74.79867523665507,2.140289983720273,203.27426128104827,4.368557703169567,0.8308115202694336,0.9339378238341969,36340,763,220.1890420318782,4.62303679267459
166,Centro-Oeste,03/10/2020,40,16504302.998604896,609106,13009,32315,664,3690.5890545725415,78.82186846121067,2.135753054476561,195.79742327035305,4.023193224555607,0.9632179796715252,0.9209431345353676,35415,719,214.58040368620001,4.356439651288375
167,Centro-Oeste,10/10/2020,41,16504302.998604896,634812,13648,25706,639,3846.3423754014966,82.6935860372514,2.149927852655589,155.75332082895545,3.871717576040712,0.7954819743153334,0.9623493975903614,30523,674,184.9416684601189,4.0878228345886285
168,Centro-Oeste,17/10/2020,42,16504302.998604896,654025,14118,19213,470,3962.7544407981636,85.54132822933141,2.158633079775238,116.41206539666697,2.8477421920800228,0.7474130553178246,0.7355242566510172,25744,591,155.98760316532517,3.5808843308921134
169,Centro-Oeste,24/10/2020,43,16504302.998604896,676049,14525,22024,407,4096.198428113846,88.0073517871539,2.148512903650475,133.44398731568177,2.466023557822488,1.1463071878415656,0.8659574468085106,22314,505,135.20312451376807,3.0618277753144074
170,Centro-Oeste,31/10/2020,44,16504302.998604896,695147,14893,19098,368,4211.913705527344,90.23707333329315,2.142424551929304,115.71527741349846,2.229721546139252,0.8671449328005811,0.9041769041769042,20111,415,121.85711004194907,2.514495765347254
171,Centro-Oeste,07/11/2020,45,16504302.998604896,708825,15161,13678,268,4294.789062342813,91.86089228537283,2.138891828025253,82.87535681546926,1.6238189520796726,0.7162006492826474,0.7282608695652174,18266,347,110.67820718154981,2.106521352013804
172,Centro-Oeste,14/11/2020,46,16504302.998604896,727316,15573,18491,412,4406.82651101037,94.35721097289829,2.141160100973992,112.03744866755682,2.496318687525467,1.3518789296680802,1.537313432835821,17089,349,103.54269429884152,2.1166197285814636
173,Centro-Oeste,21/11/2020,47,16504302.998604896,743918,15910,16602,337,4507.4184596761415,96.39910271487908,2.1386765745687026,100.59194866577135,2.0418917419807823,0.8978421934995403,0.8179611650485437,16257,339,98.50158471626581,2.0540097938619737
174,Centro-Oeste,28/11/2020,48,16504302.998604896,763632,16161,19714,251,4626.866097069047,97.91991822596862,2.1163335219058395,119.44763739290546,1.520815511089544,1.1874472955065656,0.744807121661721,18269,333,110.69234490874454,2.019675313531931
175,Centro-Oeste,05/12/2020,49,16504302.998604896,786756,16452,23124,291,4766.975012919384,99.68309477468199,2.0911184662080746,140.10891585033713,1.763176548713376,1.172973521355382,1.159362549800797,19813,293,120.04950063633798,1.7752946005945673
176,Centro-Oeste,12/12/2020,50,16504302.998604896,812084,16790,25328,338,4920.438021942794,101.73104554260337,2.067520108757222,153.46300902341025,2.047950767921378,1.0953122297180418,1.161512027491409,22722,293,137.6731874222176,1.7773142759080993
177,Centro-Oeste,19/12/2020,51,16504302.998604896,837538,17172,25454,382,5074.66446823472,104.04559345191096,2.050295031389621,154.22644629192533,2.314547909307593,1.0049747315224258,1.1301775147928994,24635,337,149.26612372189092,2.0418917419807823
178,Centro-Oeste,26/12/2020,52,16504302.998604896,857871,17629,20333,457,5197.862642684854,106.81456830676323,2.054970968828647,123.19817445013426,2.7689748548522775,0.7988135460045572,1.1963350785340314,23705,392,143.62920992182327,2.377157844027083
179,Centro-Oeste,02/01/2021,53,16504302.998604896,879012,17984,21141,355,5325.956510094989,108.96552251567475,2.045933388850209,128.09386741013566,2.150954208911507,1.039738356366498,0.7768052516411379,22309,398,135.17282938406507,2.4114923243571256
180,Sudeste,09/01/2021,1,89012239.720951,2850404,92903,147301,3349,3202.2607328339072,104.37103963594932,3.2592923669767515,165.48398339574578,3.762403923886142,0.0,0.0,147301,3349,165.48398339574578,3.762403923886142
181,Sudeste,29/02/2020,9,89012239.720951,2,0,2,0,0.0022468820088899027,0.0,0.0,0.0022468820088899027,0.0,1.3577640341884984e-05,0.0,2,0,0.0022468820088899027,0.0
182,Sudeste,07/03/2020,10,89012239.720951,16,0,14,0,0.01797505607111922,0.0,0.0,0.01572817406222932,0.0,7.0,0.0,49105,1116,55.16731948393897,1.2541346412953807
183,Sudeste,14/03/2020,11,89012239.720951,88,0,72,0,0.09886280839115573,0.0,0.0,0.0808877523200365,0.0,5.142857142857143,0.0,29,0,0.03295426946371858,0.0
184,Sudeste,21/03/2020,12,89012239.720951,596,18,508,18,0.6695708386491911,0.020221938080009126,3.0201342281879198,0.5707080302580353,0.020221938080009126,7.055555555555555,0.0,198,6,0.2224413188801004,0.006740646026669708
185,Sudeste,28/03/2020,13,89012239.720951,2230,97,1634,79,2.5052734399122416,0.10897377743116028,4.349775784753363,1.8357026012630506,0.08875183935115116,3.216535433070866,4.388888888888889,738,32,0.8290994612803742,0.036324592477053434
186,Sudeste,04/04/2020,14,89012239.720951,6308,330,4078,233,7.086665856038754,0.37073553146683397,5.23145212428662,4.581392416126512,0.2617617540356737,2.4957160342717257,2.949367088607595,2073,110,2.329267682549199,0.12357851048894465
187,Sudeste,11/04/2020,15,89012239.720951,12159,741,5851,411,13.659919173046164,0.832469784293709,6.094251171971379,6.573253317007411,0.461734252826875,1.4347719470328593,1.7639484978540771,3854,241,4.3301161114656574,0.2707492820712333
188,Sudeste,18/04/2020,16,89012239.720951,20613,1447,8454,706,23.157489424623783,1.6256191334318446,7.019841847377868,9.497570251577619,0.7931493491381357,1.4448812168860024,1.7177615571776155,6127,450,6.884071994903848,0.5055484520002281
189,Sudeste,25/04/2020,17,89012239.720951,30024,2392,9411,945,33.730192717455225,2.687270882632324,7.966959765520916,10.572703292831438,1.0616517492004791,1.1132008516678495,1.338526912181303,7905,687,8.881175620472154,0.7721784503884965
190,Sudeste,02/05/2020,18,89012239.720951,46847,3749,16823,1357,52.62984073523264,4.211780325664123,8.002646914423549,18.899648017777416,1.5245094430317991,1.787588991605568,1.435978835978836,11562,1002,12.989973854062157,1.1264368471234714
191,Sudeste,09/05/2020,19,89012239.720951,68875,5551,22028,1802,77.37699918114603,6.236221015673926,8.059528130671506,24.74715844591339,2.0244406900098024,1.3093978481840338,1.3279292557111275,16087,1368,18.073169918840748,1.5368672940806933
192,Sudeste,16/05/2020,20,89012239.720951,93853,7723,24978,2172,105.43830859017203,8.67633487732836,8.22882592991167,28.061309409025995,2.4401138616544347,1.1339204648629018,1.2053274139844616,21276,1777,23.9027052909056,1.9963546648986787
193,Sudeste,23/05/2020,21,89012239.720951,131347,10584,37494,2861,147.56060561083103,11.890499591045366,8.058044721234591,42.12229702065901,3.214164713717006,1.5010809512370886,1.317219152854512,28166,2278,31.643588291866127,2.5595730884604144
194,Sudeste,30/05/2020,22,89012239.720951,182629,13655,51282,3071,205.17290720077702,15.34058691569581,7.476906734417864,57.612301589946,3.450087324650446,1.3677388382141142,1.0734009087731562,37918,2701,42.59863600654367,3.034788633340629
195,Sudeste,06/06/2020,23,89012239.720951,238971,16871,56342,3216,268.4698202732145,18.953573185990777,7.059852450715777,63.296913072437455,3.6129862702949636,1.0986700986700986,1.0472158905893845,48372,3049,54.343837227680815,3.4257461028874716
196,Sudeste,13/06/2020,24,89012239.720951,298336,19655,59365,2784,335.16289550208904,22.08123294236552,6.588209267403196,66.69307522887453,3.1276597563747446,1.0536544673600512,0.8656716417910447,55663,3023,62.534096630419334,3.3969111171067183
197,Sudeste,20/06/2020,25,89012239.720951,372873,23251,74537,3596,418.90081765040236,26.121126794349564,6.2356351894612905,83.73792214831334,4.039893851984045,1.2555714646677336,1.2916666666666667,63414,3198,71.24263681654178,3.5935132928845843
198,Sudeste,27/06/2020,26,89012239.720951,457002,26441,84129,3190,513.4147859133517,29.70490359852896,5.785751484676216,94.51396826294932,3.583776804179395,1.1286877658075856,0.8870967741935484,72677,3190,81.64832188004573,3.583776804179395
199,Sudeste,04/07/2020,27,89012239.720951,541740,29584,84738,3143,608.612929748008,33.23587867549944,5.460922213608003,95.19814383465629,3.530975076970482,1.0072388831437435,0.9852664576802508,81134,3309,91.15001141530631,3.718215244377974
200,Sudeste,11/07/2020,28,89012239.720951,632771,32653,91031,3069,710.8808878236364,36.683719118141,5.160318661885579,102.26795807562837,3.447840442641556,1.0742642026009583,0.9764556156538339,86632,3134,97.32669005774466,3.520864107930478
201,Sudeste,18/07/2020,29,89012239.720951,708263,35732,75492,3079,795.6916961311946,40.14279397082701,5.045018587728005,84.81080830755828,3.4590748526860056,0.8292999088222693,1.0032583903551646,83753,3097,94.09230340594763,3.479296790766014
202,Sudeste,25/07/2020,30,89012239.720951,822465,39115,114202,3383,923.990905720817,43.943394888864276,4.755825475856115,128.29920958962234,3.800600918037271,1.5127695649870185,1.0987333549853848,93575,3177,105.12599199093633,3.5691720711216113
203,Sudeste,01/08/2020,31,89012239.720951,933330,42218,110865,3103,1048.5411926786064,47.42943232565696,4.523373297761777,124.55028695778954,3.4860374367926843,0.9707798462373689,0.9172332249482708,100186,3188,112.55343495165671,3.581904402505321
204,Sudeste,08/08/2020,32,89012239.720951,1042124,45255,108794,3037,1170.7648333161906,50.84132265615628,4.342573436558413,122.22364063758404,3.4118903304993173,0.9813196229648672,0.9787302610377054,111287,3174,125.0243790616653,3.5661762284430907
205,Sudeste,15/08/2020,33,89012239.720951,1158423,48213,116299,2958,1301.419898692134,54.16446114730444,4.161951204352814,130.6550653759434,3.3231384911481663,1.0689835836535102,0.9739874876522885,111986,3032,125.80966432377232,3.4070220861467226
206,Sudeste,22/08/2020,34,89012239.720951,1256848,51411,98425,3198,1411.9945795546282,57.7572254795194,4.090470764961236,110.57468086249435,3.5927643322149545,0.8463099424758597,1.081135902636917,107839,3064,121.15112895867394,3.4425977179541456
207,Sudeste,29/08/2020,35,89012239.720951,1346969,54359,90121,2948,1513.2402063162117,61.06912956062311,4.035653381777903,101.24562676158347,3.311904081103717,0.9156311912623826,0.9218261413383365,101615,3034,114.15845766667375,3.409268968155612
208,Sudeste,05/09/2020,36,89012239.720951,1432882,56789,85913,2430,1609.758393331091,63.799091201424346,3.9632712254044646,96.51818701487912,2.729961640801232,0.9533072202927175,0.8242876526458616,91486,2858,102.77949821298564,3.211543351373301
209,Sudeste,12/09/2020,37,89012239.720951,1501010,59090,68128,2301,1686.2961820819164,66.38412895265218,3.9366826336933136,76.53778875082565,2.585037751227833,0.7929882555608581,0.9469135802469136,81387,2559,91.43386750909609,2.8756344910442606
210,Sudeste,19/09/2020,38,89012239.720951,1574663,61625,73653,2535,1769.0409823823006,69.23205189892013,3.913535785117196,82.744800300384,2.847922946267952,1.0810973461719118,1.1016949152542372,75898,2422,85.26692535536291,2.7209741127656724
211,Sudeste,26/09/2020,39,89012239.720951,1645630,63983,70967,2358,1848.7682201447453,71.88112578740133,3.888055030596185,79.72723776244487,2.6490738884811953,0.9635316959254885,0.9301775147928995,70916,2398,79.66994227121818,2.6940115286589936
212,Sudeste,03/10/2020,40,89012239.720951,1714275,66026,68645,2043,1925.8868278948692,74.17631575948236,3.8515407387962846,77.11860775012369,2.295189972081036,0.9672805670241098,0.8664122137404581,71088,2312,79.86354860431753,2.5973956022767273
213,Sudeste,10/10/2020,41,89012239.720951,1777825,68214,63550,2188,1997.2815037273458,76.63440467720791,3.836935581398619,71.39467583247666,2.458088917725554,0.9257775511690582,1.0709740577581988,67720,2196,76.08017378168175,2.4674509260959283
214,Sudeste,17/10/2020,42,89012239.720951,1830155,69821,52330,1607,2056.07117148995,78.43977437135095,3.815032060126055,58.78966776260431,1.8053696941430368,0.8234461054287963,0.7344606946983546,61508,1946,69.10098378173488,2.1862161946498753
215,Sudeste,24/10/2020,43,89012239.720951,1884736,71409,54581,1588,2117.38970495356,80.22379868640954,3.7888064959760945,61.318533463609896,1.7840243150585828,1.0430154786929104,0.9881767268201618,56820,1794,63.83429235289696,2.0158276423090578
216,Sudeste,31/10/2020,44,89012239.720951,1940796,72781,56060,1372,2180.369807662744,81.76515974450801,3.7500592540380335,62.980102709183974,1.5413610580984733,1.0270973415657463,0.8639798488664987,54323,1522,61.02943464513273,1.710251689100031
217,Sudeste,07/11/2020,45,89012239.720951,1971101,73745,30305,964,2214.415687302448,82.84815687279294,3.7413100597077467,34.04587963970425,1.082997128284933,0.5405815198002141,0.7026239067055393,46982,1308,52.7815052708327,1.4694608338139965
218,Sudeste,14/11/2020,46,89012239.720951,2044216,75335,73115,1590,2296.556076342441,84.63442806986042,3.6852759199614913,82.14038903999263,1.7862711970674727,2.4126381785183963,1.6493775933609958,53160,1308,59.72212379629362,1.4702097944836263
219,Sudeste,21/11/2020,47,89012239.720951,2115732,77073,71516,1738,2376.900083216326,86.58696853558574,3.6428526864461097,80.34400687388515,1.9525404657253256,0.9781303426109553,1.0930817610062893,58312,1430,65.51009185119402,1.6072695970259108
220,Sudeste,28/11/2020,48,89012239.720951,2192192,78822,76460,1749,2462.798382416187,88.55186685235996,3.5955792193384526,85.89829919986099,1.96489831677422,1.069131383186979,1.0063291139240507,73697,1692,82.79423170457959,1.901236659855673
221,Sudeste,05/12/2020,49,89012239.720951,2292605,80736,100413,1914,2575.606463995518,90.70213293486759,3.5215835261634694,112.8080815793309,2.150266082507637,1.3132749149882292,1.0943396226415094,82796,1800,93.016795884359,2.022568288335728
222,Sudeste,12/12/2020,50,89012239.720951,2399043,82894,106438,2158,2695.1832776266297,93.1265186224598,3.455294465334719,119.57681363111173,2.424385687592205,1.0600021909513708,1.1274817136886102,94437,1940,106.09439813676788,2.1798500289580205
223,Sudeste,19/12/2020,51,89012239.720951,2509192,85323,110149,2429,2818.9291808252365,95.8553568222566,3.4004173455040503,123.74590319860695,2.728838199796787,1.0348653676318609,1.1255792400370714,105666,2167,118.71026613634986,2.4344966566322097
224,Sudeste,26/12/2020,52,89012239.720951,2604172,87226,94980,1903,2925.633607427418,97.99326505371533,3.3494715402822854,106.70442660218148,2.1379082314587428,0.8622865391424344,0.7834499794153973,103855,2163,116.67571447730006,2.430377372949245
225,Sudeste,02/01/2021,53,89012239.720951,2703103,89554,98931,2328,3036.7767494381615,100.60863571206318,3.313007310487244,111.14314201074349,2.615370658347847,1.04159823120657,1.2233315817130845,101353,2220,113.86449060384398,2.494039029867792
226,Sul,09/01/2021,1,30192314.953971982,1468945,23766,99886,1537,4865.294371231217,78.71539508060623,1.6178958368080494,330.8325318952046,5.090699412559613,0.0,0.0,99886,1537,330.8325318952046,5.090699412559613
227,Sul,14/03/2020,11,30192314.953971982,15,0,15,0,0.0496815167133339,0.0,0.0,0.0496815167133339,0.0,0.00015017119516248524,0.0,15,0,0.0496815167133339,0.0
228,Sul,21/03/2020,12,30192314.953971982,169,0,154,0,0.559745088303562,0.0,0.0,0.510063571590228,0.0,10.266666666666667,0.0,33351,512,110.46409232783606,1.6968998041865377
229,Sul,28/03/2020,13,30192314.953971982,521,5,352,5,1.7256046805097973,0.0165605055711113,0.9596928982725527,1.1658595922062354,0.0165605055711113,2.2857142857142856,0.0,173,1,0.5752015601699324,0.005520168523703767
230,Sul,04/04/2020,14,30192314.953971982,1175,24,654,19,3.8917188092111554,0.07949042674133423,2.0425531914893615,2.166114128701358,0.06292992117022293,1.8579545454545454,3.8,386,8,1.2806790974992737,0.026496808913778078
231,Sul,11/04/2020,15,30192314.953971982,2073,64,898,40,6.8659856097827445,0.21197447131022462,3.087313072841293,2.9742668005715895,0.1324840445688904,1.3730886850152906,2.1052631578947367,634,21,2.102080173826394,0.07065815710340821
232,Sul,18/04/2020,16,30192314.953971982,2789,105,716,41,9.237450007565883,0.3477706169933373,3.764790247400502,2.371464397783138,0.13579614568311266,0.7973273942093542,1.025,756,33,2.503948442352028,0.11040337047407534
233,Sul,25/04/2020,17,30192314.953971982,3556,148,767,43,11.777831562174356,0.49019096490489444,4.161979752530934,2.5403815546084734,0.14242034791155717,1.0712290502793296,1.048780487804878,793,41,2.6287042509877336,0.1369001793878534
234,Sul,02/05/2020,18,30192314.953971982,5522,210,1966,62,18.28942235273532,0.6955412339866746,3.802969938428106,6.5115907905609625,0.2053502690817801,2.5632333767926987,1.441860465116279,1149,48,3.807812247650858,0.16118892089214998
235,Sul,09/05/2020,19,30192314.953971982,7723,271,2201,61,25.579356905138514,0.8975794019542325,3.5089990936164703,7.289934552403194,0.20203816796755786,1.1195320447609358,0.9838709677419355,1644,55,5.447302299190877,0.18326959498696505
236,Sul,16/05/2020,20,30192314.953971982,10684,345,2961,74,35.38648830435062,1.1426748844066796,3.229127667540247,9.807131399212112,0.24509548245244722,1.3452975920036347,1.2131147540983607,2376,65,7.86955224739209,0.2174946398339284
237,Sul,23/05/2020,21,30192314.953971982,16090,432,5406,87,53.29170692783616,1.4308276813440162,2.6848974518334368,17.90521862348554,0.2881527969373366,1.8257345491388044,1.1756756756756757,3522,74,11.667428191700282,0.24509548245244725
238,Sul,30/05/2020,22,30192314.953971982,22560,540,6470,108,74.72100113685418,1.7885346016800203,2.393617021276596,21.42929420901802,0.35770692033600404,1.196818349981502,1.2413793103448276,4945,89,16.380548077238558,0.29698506657526264
239,Sul,06/06/2020,23,30192314.953971982,30015,688,7455,148,99.41271494338113,2.2787255665849147,2.2921872397134764,24.69171380652695,0.49019096490489444,1.1522411128284389,1.3703703703703705,6443,114,21.342075546343505,0.37868356072607834
240,Sul,13/06/2020,24,30192314.953971982,37276,857,7261,169,123.46188113374896,2.838470654888477,2.299066423435991,24.049166190367828,0.559745088303562,0.9739771965124078,1.1418918918918919,7062,141,23.3900580686376,0.4692143245148202
241,Sul,20/06/2020,25,30192314.953971982,50067,1104,12791,247,165.8269664857659,3.6565596301013747,2.205045239379232,42.365085352016926,0.8180889752128981,1.7616030849745214,1.4615384615384615,9169,188,30.368655116303902,0.6226750094737848
242,Sul,27/06/2020,26,30192314.953971982,68627,1433,18560,329,227.29956316573103,4.746240896680498,2.0880994360820084,61.47259667996514,1.0896812665791236,1.4510202486123056,1.3319838056680162,12870,248,42.628949407449966,0.8225051100318611
243,Sul,04/07/2020,27,30192314.953971982,94120,1861,25493,428,311.7349568705991,6.1638201735676255,1.9772630684232895,84.43539370486808,1.4175792768871271,1.3735452586206895,1.3009118541033435,18948,334,62.757691912283384,1.1084498395597162
244,Sul,11/07/2020,28,30192314.953971982,121543,2444,27423,583,402.56270572591615,8.094775123159202,2.0108109887035863,90.82774885531703,1.9309549495915774,1.0757070568391323,1.3621495327102804,23825,446,78.91191308005007,1.4794051643526094
245,Sul,18/07/2020,29,30192314.953971982,152931,3199,31388,755,506.5229354991244,10.59541146439701,2.0917930308439754,103.9602297732083,2.500636341237806,1.1445866608321482,1.2950257289879932,28101,588,93.07445744446447,1.9497235225721703
246,Sul,25/07/2020,30,30192314.953971982,192044,4087,39113,888,636.0691463796996,13.536557253826375,2.1281581304284436,129.54621088057525,2.941145789429367,1.2461131642665988,1.176158940397351,32641,742,108.11139650303353,2.4575790267529167
247,Sul,01/08/2020,31,30192314.953971982,235308,5076,43264,989,779.3638889854116,16.812225255792193,2.1571727268091183,143.29474260571186,3.275668001965815,1.1061283972080893,1.1137387387387387,37921,877,125.6003944198318,2.9058167108776627
248,Sul,08/08/2020,32,30192314.953971982,279471,6084,44163,1008,925.6362104928091,20.150823178928228,2.176970061294374,146.27232150739766,3.338597923136038,1.020779400887574,1.019211324570273,42180,961,139.7044249978949,3.1851372381770733
249,Sul,15/08/2020,33,30192314.953971982,321217,7079,41746,995,1063.9031836071317,23.446363787579376,2.2038061497367822,138.26697311432247,3.2955406086511485,0.9452709281525259,0.9871031746031746,43057,997,142.61134574247734,3.303268844584334
250,Sul,22/08/2020,34,30192314.953971982,357695,8034,36478,955,1184.7220080517313,26.609420351661637,2.24604761039433,120.8188244445996,3.1630565640822583,0.873808269055718,0.9597989949748744,40795,986,135.1193730221066,3.265731698623148
251,Sul,29/08/2020,35,30192314.953971982,399787,8837,42092,803,1324.1349681515746,29.269037546382112,2.210427052405406,139.41296009984336,2.6596171947204748,1.1539009814134547,0.8408376963350785,40105,917,132.8329192195885,3.0394047891512934
252,Sul,05/09/2020,36,30192314.953971982,473494,9651,73707,814,1568.2600049775547,31.96508785335903,2.0382518046691196,244.12503682598012,2.6960503069769195,1.7510928442459375,1.0136986301369864,50759,857,168.11894045680768,2.8395746885932174
253,Sul,12/09/2020,37,30192314.953971982,506241,10355,32747,704,1676.7213801649912,34.2968070377715,2.045468462649213,108.46137518743635,2.3317191844124707,0.4442861600662081,0.8648648648648649,49515,773,163.99979070441995,2.5624622287032888
254,Sul,19/09/2020,38,30192314.953971982,542869,11099,36628,744,1798.037019776724,36.76101026675286,2.0445079752205415,121.31563961173293,2.4642032289813613,1.1185146730998259,1.0568181818181819,47694,754,157.96735054171646,2.497324240123584
255,Sul,26/09/2020,39,30192314.953971982,571220,11695,28351,596,1891.9383984660392,38.735022530829326,2.0473722908861736,93.9013786893153,1.9740122640764668,0.774025335808671,0.8010752688172043,32575,681,107.89279782949485,2.2566448924900997
256,Sul,03/10/2020,40,30192314.953971982,604935,12314,33715,619,2003.6058875320427,40.78521312053291,2.035590600643044,111.6674890660035,2.050190589703579,1.189199675496455,1.0385906040268456,32898,653,108.9615024556839,2.162802027587136
257,Sul,10/10/2020,41,30192314.953971982,631531,12798,26596,484,2091.694528765898,42.388270059816485,2.026503845416931,88.08864123385523,1.6030569392835738,0.7888476939047901,0.7819063004846527,29554,566,97.88583632972468,1.8757532643545398
258,Sul,17/10/2020,42,30192314.953971982,656201,13229,24670,431,2173.4040632537613,43.81578564004628,2.015998146909255,81.70953448786315,1.427515580229794,0.9275830952022861,0.890495867768595,28327,511,93.82188826257396,1.6935877030723157
259,Sul,24/10/2020,43,30192314.953971982,685876,13697,29675,468,2271.690663818307,45.365848961502294,1.9970082055648541,98.28660056454557,1.5500633214560176,1.2028779894608836,1.08584686774942,26980,461,89.36159209542132,1.5268786136564618
260,Sul,31/10/2020,44,30192314.953971982,719998,14127,34122,430,2384.7061780377985,46.79005244061786,1.9620887835799543,113.01551421949195,1.4242034791155718,1.1498567818028644,0.9188034188034188,29489,443,97.67054975730021,1.4672607936004614
261,Sul,07/11/2020,45,30192314.953971982,754248,14554,34250,427,2498.145641199911,48.20431961639077,1.929604055960374,113.4394631621124,1.414267175772905,1.0037512455307427,0.9930232558139535,32682,441,108.24719264871663,1.462844658781498
262,Sul,14/11/2020,46,30192314.953971982,809635,15215,55387,661,2681.5929856133394,50.39361845289169,1.8792418806005173,183.4473444134283,2.189298836500914,1.6171386861313868,1.5480093676814988,41253,506,136.6341072650109,1.6759231637964636
263,Sul,21/11/2020,47,30192314.953971982,874781,15792,65146,577,2897.3631248004626,52.30470079579793,1.8052518287434225,215.77013918712333,1.911082342906244,1.1761965804250094,0.8729198184568835,51594,555,170.885648920888,1.8382161183933545
264,Sul,28/11/2020,48,30192314.953971982,951071,16576,76290,784,3150.043318804479,54.90138806934818,1.7428772405004462,252.68019400401622,2.5966872735502515,1.1710619224511098,1.3587521663778164,65607,674,217.2992258681893,2.232356150985803
265,Sul,05/12/2020,49,30192314.953971982,1040674,17567,89603,991,3446.817514942136,58.183680273542436,1.6880406352037236,296.77419613765716,3.2822922041942597,1.1745051776117446,1.2640306122448979,77013,784,255.0748431095989,2.596687273550252
266,Sul,12/12/2020,50,30192314.953971982,1126093,18672,85419,1105,3729.7338800178873,61.84355200475804,1.6581223753277925,282.91636507575123,3.6598717312155973,0.9533051348727163,1.1150353178607466,83770,960,277.4569184058082,3.1796170696533697
267,Sul,19/12/2020,51,30192314.953971982,1237282,20011,111189,1339,4098.003090807146,66.27845539670164,1.6173354174715222,368.26921078925886,4.434903391943606,1.3016893197063886,1.2117647058823529,95403,1145,315.98659066755573,3.7923557757844875
268,Sul,26/12/2020,52,30192314.953971982,1309310,21115,72028,1104,4336.567109862347,69.93501502680301,1.6126814887230678,238.56401905520093,3.6565596301013747,0.6477978936765327,0.8244958924570575,89545,1182,296.58319830673696,3.9171115844201925
269,Sul,02/01/2021,53,30192314.953971982,1369059,22229,59749,1114,4534.461839336012,73.62469566804661,1.6236699806217263,197.8947294736658,3.6896806412435974,0.8295246293108236,1.0090579710144927,80988,1185,268.24265310604187,3.927047887762859
